{"key":"up.pt-2","value":["10 mxu.up.pt.","25.ineb.up.pt","2cihclb.arq.up.pt","2eprae.nea.fba.up.pt","2foruminefcglobal.fade.up.pt","2immc.fc.up.pt","30anos.inegi.up.pt","3c.nea.fba.up.pt","3dprinter.fe.up.pt","3eprae.nea.fba.up.pt","6cijd.fade.up.pt","6eprae.fba.up.pt","7pq.up.pt","a3.egp.up.pt","aai1.reit.up.pt","aai2.mil.up.pt","aai2.reit.up.pt","aai-edge.dcc.fc.up.pt","aai.reit.up.pt","aai.up.pt","aaoup.up.pt","able.dcc.fc.up.pt","academia-bem-envelhecer.up.pt","academia.up.pt","academy-intra-africa.up.pt","aces17.dcc.fc.up.pt","ac.fep.up.pt","acin2.icbas.up.pt","acm.up.pt","acontece.cultura.up.pt","ad.egp-upbs.up.pt","ad.egp.up.pt","ademar.fe.up.pt","adlog.up.pt","adm.fe.up.pt","admin.egp-upbs.up.pt","admin.pbs.up.pt","admissions.pbs.up.pt","ad.pbs.up.pt","ae.fba.up.pt","ae.fcna.up.pt","aefdup.direito.up.pt","aefep.fep.up.pt","ae.fe.up.pt","aehd.fade.up.pt","ae.med.up.pt","aescolar-dev.up.pt","aesopplus.up.pt","aesop.up.pt","afiliacoes.med.up.pt","afimegq.up.pt","ageingnetwork.up.pt","agendamento.med.up.pt","ag.fba.up.pt","agregacao.med.up.pt","aiesec.up.pt","aims.fe.up.pt","airport.fe.up.pt","ai.up.pt","alarme-frio.med.up.pt","album.fpce.up.pt","aleph20.letras.up.pt","aleph23as.up.pt","aleph23broker.up.pt","aleph23db.up.pt","aleph23dev.up.pt","aleph23ts1.up.pt","aleph23ts2.up.pt","aleph23.up.pt","aleph.fe.up.pt","aleph.letras.up.pt","alephts1.up.pt","alephts2.up.pt","aleph.up.pt","alexithymia.med.up.pt","alfrescodev.up.pt","alfrescotst.up.pt","alojamento.up.pt","altimeter.dcc.fc.up.pt","alumni2017.up.pt","alumni2018.up.pt","alumnidea.fe.up.pt","alumniei.fe.up.pt","alumnileic.fe.up.pt","alumni.pbs.up.pt","alumni.up.pt","alunos.dcc.fc.up.pt","alunos.egp.up.pt","alunos.fc.up.pt","amacc.med.up.pt","anameforhealth.med.up.pt","anatomia.med.up.pt","andaimaria.fba.up.pt","androrat.dcc.fc.up.pt","angle.up.pt","annualmeeting18.i3s.up.pt","annualmeeting.i3s.up.pt","antarex.fe.up.pt","antena-gps1.fc.up.pt","ant.fe.up.pt","antivirus.fc.up.pt","antivirus.fe.up.pt","antivirusold.fe.up.pt","antivirus.up.pt","anuaria.arq.up.pt","apartidaria.up.pt","ape.med.up.pt","api.arcade.inspirers.med.up.pt","apollon.astro.up.pt","appserver.med.up.pt","apps.letras.up.pt","aprendis.gim.med.up.pt","archimedes.fade.up.pt","archlinux.dcc.fc.up.pt","aresdev.up.pt","ares.up.pt","argh.mil.up.pt","argus.dcc.fc.up.pt","argus.up.pt","arkca.fc.up.pt","armazemdeec.fe.up.pt","arquivoatom.up.pt","arquivo-digital.up.pt","arquivo.fba.up.pt","arquivofims.up.pt","arquivo.ijup.up.pt","arquivo.up.pt","arq.up.pt","arranque.fba.up.pt","arrisco.fe.up.pt","artemisdev.up.pt","artemis.up.pt","arus.letras.up.pt","arya.up.pt","asigq.up.pt","asn.mil.up.pt","assiduidade-dev.up.pt","astep.fe.up.pt","asterix2.reit.up.pt","asterix.reit.up.pt","astrohomus.astro.up.pt","astro.up.pt","atendimentoacademico.med.up.pt","atgnewsletter.up.pt","atg.up.pt","athena.fe.up.pt","atlas.fade.up.pt","atlas.up.pt","atomdev.up.pt","atoz.up.pt","atractor.fc.up.pt","aulas-a.fe.up.pt","aulas-c.fe.up.pt","aulas-e.fe.up.pt","aulas-g.fe.up.pt","aulas-i-p0.fe.up.pt","aulas-i-p1.fe.up.pt","aulas-i-p2.fe.up.pt","aulas-i-p3.fe.up.pt","aulas-l-p0.fe.up.pt","aulas-l-p1.fe.up.pt","aulas-l-p2.fe.up.pt","aulas-l-p3.fe.up.pt","auniversidadenocentenario.up.pt","aupec.up.pt","aurora.up.pt","authenticus.dcc.fc.up.pt","authenticusnew.dcc.fc.up.pt","authenticus-old.dcc.fc.up.pt","authenticus.up.pt","autoconfig.direito.up.pt","autoconfig.fba.up.pt","autoconfig.fcna.up.pt","autoconfig.fc.up.pt","autoconfig.fe.up.pt","autoconfig.ff.up.pt","autoconfig.fmd.up.pt","autoconfig.icbas.up.pt","autoconfig.med.up.pt","autoconfig.reit.up.pt","autoconfig.sp.up.pt","autoconfig.uptec.up.pt","autodiscover.fba.up.pt","autodiscover.fc.up.pt","autodiscover.fep.up.pt","autodiscover.inegi.up.pt","autodiscover.letras.up.pt","autodiscover.sas.up.pt","autoseer.fe.up.pt","avaliacao.fc.up.pt","avenue.fe.up.pt","av.letras.up.pt","av.up.pt","axis210.fe.up.pt","axis211a.fe.up.pt","b-1aa4402.fe.up.pt","babel.up.pt","backmoodle.up.pt","backoffice.fba.up.pt","backup.alunos.dcc.fc.up.pt","backup.dcc.fc.up.pt","backup.labcc.dcc.fc.up.pt","baes.up.pt","balcaouporto.up.pt","baltimore.inegi.up.pt","bambino.ispup.up.pt","bancada.mostra.up.pt","bart.egp-upbs.up.pt","bart.egp.up.pt","bart.pbs.up.pt","battuta.up.pt","bbb-dev.up.pt","bbb.fe.up.pt","bbb.up.pt","beauty.fe.up.pt","bench.fe.up.pt","bi4up.campus.up.pt","bibconf.fe.up.pt","biblio-sbim.med.up.pt","biblios.fep.up.pt","biblioteca.egp.up.pt","biblioteca.fade.up.pt","biblioteca.fba.up.pt","biblioteca.fe.up.pt","biblioteca.med.up.pt","biblioteca-na-escola.up.pt","biblioteca-p-101.fe.up.pt","biblioteca-p23.fe.up.pt","biblioteca-p456.fe.up.pt","biblioteca.up.pt","biblioteca.web.med.up.pt","bio01.dcc.fc.up.pt","biodeserts.cibio.up.pt","bio-diver-city.fc.up.pt","bioetica.med.up.pt","bioimages.i2ads.up.pt","bioimaging2015.ineb.up.pt","bioquimica.med.up.pt","biostar.fe.up.pt","biotecnologia-na-escola.up.pt","bioterio.icbas.up.pt","bipsummit.up.pt","bip.up.pt","bitbucketdev.up.pt","bitbucket.up.pt","bitmatrix.fe.up.pt","bit.up.pt","blank-mostra7.fba.up.pt","blaster.fe.up.pt","blog.c2com.up.pt","blogs.c2com.up.pt","blogs.fe.up.pt","blogs.letras.up.pt","blowfish.fe.up.pt","blueandgreen.ciimar.up.pt","boga.ciimar.up.pt","books.fe.up.pt","boost.up.pt","box01.up.pt","box02.up.pt","box.ciimar.up.pt","bpositive.i3s.up.pt","brasup.up.pt","breadcrumbs.dcc.fc.up.pt","breadcrumbs-server.dcc.fc.up.pt","breadcrumbs.up.pt","breastcancer.up.pt","bst.fe.up.pt","bula.up.pt","buznet.up.pt","buzzarena.up.pt","buzzinternship.up.pt","buzzsessions.up.pt","byodmgm.up.pt","c00bh0306.fe.up.pt","c-1bg8601.fe.up.pt","c2com.up.pt","c2sr.fe.up.pt","c3p-gw.dcc.fc.up.pt","c3p.up.pt","cac.arq.up.pt","cage.dcc.fc.up.pt","cage.up.pt","calaqua.ciimar.up.pt","calaquaexams.ciimar.up.pt","carat.gim.med.up.pt","carat.med.up.pt","carpims.up.pt","cartao.up.pt","casa-feup.fe.up.pt","ca-server.dcc.fc.up.pt","caseu.up.pt","cassiopeia.fe.up.pt","catac.letras.up.pt","catalogo.up.pt","cat.fep.up.pt","ca.up.pt","caup.up.pt","cbms2013.med.up.pt","cc0208.med.up.pt","cc03-09.med.up.pt","cc04-10.med.up.pt","cc05-11.med.up.pt","cc07-13.med.up.pt","cc14-20fmup.med.up.pt","cc2000.med.up.pt","cc2001.med.up.pt","cca-san-admin.fc.up.pt","ccfmup06-12.med.up.pt","ccfmup10-16.med.up.pt","ccim.up.pt","c.cloud.up.pt","ccog.up.pt","ccp.up.pt","ccre.up.pt","cc.up.pt","ccw.arq.up.pt","cdbm.fe.up.pt","cde.direito.up.pt","cdn1.i3s.up.pt","cdup.up.pt","ce01.up.pt","ce02.up.pt","ceafe2020.fep.up.pt","ceafe20.fep.up.pt","ceafe.fep.up.pt","ceau.arq.up.pt","ceauvm.arq.up.pt","ceca.up.pt","cedup.up.pt","cefup.fep.up.pt","ceis.med.up.pt","cellnote.up.pt","cem.fba.up.pt","cem.med.up.pt","cemup1.cemup.up.pt","cemup2.cemup.up.pt","cemup3.cemup.up.pt","cemup4.cemup.up.pt","cemup5.cemup.up.pt","cemup7.cemup.up.pt","cemup.up.pt","cenperca.inegi.up.pt","centenario.up.pt","centreware.fe.up.pt","centrewareweb.up.pt","cepese.up.pt","cequp.up.pt","cesaserver.fe.up.pt","cesb2017.i3s.up.pt","cetac.up.pt","cetrib.inegi.up.pt","cfp.fc.up.pt","cgi.fe.up.pt","charcoscomvida.ciimar.up.pt","chelta.fe.up.pt","chichorro.fe.up.pt","ciafel.fade.up.pt","ciamh.up.pt","cibio.up.pt","cica-adm1.fe.up.pt","cica-adm.fe.up.pt","cica.fe.up.pt","cica-proj.fe.up.pt","cica-salasinf.fe.up.pt","cicdigitalporto.letras.up.pt","cicup.up.pt","cidesftpserver.med.up.pt","cides.gim.med.up.pt","cides.med.up.pt","ciencia20.up.pt","cienciapregraduacao.up.pt","ciencia-vinho2017.up.pt","cientamostra.ciimar.up.pt","cifi2d.fade.up.pt","cigc.med.up.pt","ciimar.up.pt","cije.up.pt","ci.med.up.pt","cinemaexpandido.fba.up.pt","cinemarchitecture.arq.up.pt","cinevideoart.up.pt","cintesiscris.med.up.pt","cintesis.med.up.pt","cipes.cipes.up.pt","cipesgt.cipes.up.pt","cipes.up.pt","ciq.fc.up.pt","cirurgia-plastica.med.up.pt","ciscovpn.fade.up.pt","citta-conference.fe.up.pt","citta.fe.up.pt","cittaman.up.pt","citta.up.pt","ciupgt.fade.up.pt","ciup.up.pt","civil.fe.up.pt","civil-n-p012.fe.up.pt","civil-n-p3.fe.up.pt","civils1.fe.up.pt","civil-s-p02.fe.up.pt","civil-s-p1.fe.up.pt","civil-s-p34.fe.up.pt","ckan-rdm.up.pt","cl2c00-ilo.cloud.up.pt","cl3c00-ilo.cloud.up.pt","clicker.up.pt","climaedumedia.up.pt","cloud.futurecities.up.pt","cloud.i3s.up.pt","cloudspublicas.up.pt","cloudstacktst.up.pt","cloud.up.pt","cl.up.pt","clup.up.pt","cluster1.ibmc.up.pt","cluster.alunos.dcc.fc.up.pt","cmas.up.pt","cmd.c3p.up.pt","cme.med.up.pt","cmev.cemup.up.pt","cmne2007.inegi.up.pt","cmos.fe.up.pt","cms.fe.up.pt","cmup.fc.up.pt","cmup-vc.fc.up.pt","cmup-www2.fc.up.pt","cnm.dcc.fc.up.pt","cnm.fc.up.pt","cnup.up.pt","cod.ciimar.up.pt","codex.dcc.fc.up.pt","codex-prova.dcc.fc.up.pt","codingforsocialimpact.fe.up.pt","codplus.gim.med.up.pt","colabtst.up.pt","colab.up.pt","colmerauer.fe.up.pt","comparador.fe.up.pt","compass.dcc.fc.up.pt","compass-d.dcc.fc.up.pt","comunicacao.fba.up.pt","concertacao.icbas.up.pt","condominio.astro.up.pt","conferencia2016.inegi.up.pt","congresso2016.up.pt","congressocemp2018porto.med.up.pt","congressodtm.med.up.pt","congressoortodontiafmup.med.up.pt","connect.fe.up.pt","connectsnx.fe.up.pt","consumoalimentarporto.med.up.pt","cont-server2.fc.up.pt","conversations.nea.fba.up.pt","coral.ciimar.up.pt","cost.dcc.fc.up.pt","cozinha.fba.up.pt","cpan.dcc.fc.up.pt","cpcb.med.up.pt","cprpt.med.up.pt","cracs.fc.up.pt","cracs-gpu.dcc.fc.up.pt","cracs-server1.dcc.fc.up.pt","cracs-server2.dcc.fc.up.pt","cran.dcc.fc.up.pt","crc.up.pt","crearte.up.pt","creativecolab.fe.up.pt","criptogamia.up.pt","c-roads.fe.up.pt","crohnecolite.med.up.pt","cron.fba.up.pt","cronos.astro.up.pt","cronos.up.pt","csirt.fe.up.pt","csirt.up.pt","csys.fe.up.pt","ct.up.pt","culturacidade.i2ads.up.pt","culturesofscience.up.pt","cup.up.pt","cursosgeriatria.med.up.pt","cursosmedicinadesportiva.med.up.pt","cvdigup.up.pt","cv-radius2.fe.up.pt","cv-radius.fe.up.pt","cvs.dcc.fc.up.pt","cyanobesity.ciimar.up.pt","d-1bo03ar.fe.up.pt","daar.dcc.fc.up.pt","daar.up.pt","dad.fba.up.pt","daete.up.pt","daipcip.med.up.pt","darwin.fe.up.pt","darwinold.fe.up.pt","db.fe.up.pt","dblog.up.pt","db.up.pt","dcc.fc.up.pt","dcctalks.dcc.fc.up.pt","dceg.fe.up.pt","dd.fba.up.pt","ddfporto2017.med.up.pt","dea.fba.up.pt","dea.nea.fba.up.pt","debian.dcc.fc.up.pt","debra.med.up.pt","decanonix.ipatimup.up.pt","deec.fe.up.pt","deec-gab-nasc.fe.up.pt","deec-gab-nort.fe.up.pt","deec-gab-poen.fe.up.pt","deec-intlabredes.fe.up.pt","deec-lab-nasc-inf.fe.up.pt","deec-lab-nasc-sup.fe.up.pt","deec-lab-nort.fe.up.pt","deec-lab-poen-inf.fe.up.pt","deec-lab-poen-sup.fe.up.pt","deec-labredes.fe.up.pt","deec-nasc-piso-1.fe.up.pt","deec-salasinf.fe.up.pt","deec-serv.fe.up.pt","def.fe.up.pt","dei.fe.up.pt","deimos.astro.up.pt","delnam.fe.up.pt","demos-hltsys.dcc.fc.up.pt","demovci.med.up.pt","dendro-dev.fe.up.pt","dendro.fe.up.pt","dendro-prd.fe.up.pt","dendro-rdm.up.pt","departamentocirurgia.med.up.pt","depmedicina.med.up.pt","deqremote-1.fe.up.pt","deqremote-2.fe.up.pt","deqremote.fe.up.pt","derivas.fba.up.pt","derivas.nea.fba.up.pt","desafiounico.up.pt","descoberta.up.pt","desco.up.pt","designorama.fba.up.pt","desporto.up.pt","dev.ciencia20.up.pt","dev.nutriciencia.up.pt","dev.projectmia.up.pt","dev.projectsplach.up.pt","devspace.up.pt","dev.unic.med.up.pt","dfa2.fc.up.pt","dfa.fc.up.pt","df-evo.fc.up.pt","df.fc.up.pt","dfl.arq.up.pt","dhcp.arq.up.pt","diadodesign.fba.up.pt","diadovento.inegi.up.pt","dial-up.fe.up.pt","dic.icbas.up.pt","digiscope.up.pt","digitalact.pbs.up.pt","digitalfuture.up.pt","digital_inclusion.up.pt","digitdevop.up.pt","digitdev.up.pt","diplomasop.up.pt","diplomas.up.pt","dir2.direito.up.pt","dir3.direito.up.pt","dir3.fd.up.pt","dirac.up.pt","direitoshumanos.up.pt","direito.up.pt","disagreement.med.up.pt","dmc.up.pt","dmll.mil.up.pt","dns1.direito.up.pt","dns1.fba.up.pt","dns1.fc.up.pt","dns1.fe.up.pt","dns1.letras.up.pt","dns1.up.pt","dns2.fe.up.pt","dns2.up.pt","dns3.up.pt","dns4.up.pt","dns.alunos.dcc.fc.up.pt","dns.arq.up.pt","dns.campus.up.pt","dns.ciimar.up.pt","dns.dcc.fc.up.pt","dns.egp-upbs.up.pt","dns.fcna.up.pt","dns.fpce.up.pt","dns-in1.fc.up.pt","dns-in2.fc.up.pt","dns.inegi.up.pt","dns.labcc.dcc.fc.up.pt","dns.up.pt","docs.egp-upbs.up.pt","docsign-tst.up.pt","docsign.up.pt","doencaspulmonaresdifusas.med.up.pt","doingit.fba.up.pt","domir.fe.up.pt","doris.up.pt","download.inegi.up.pt","dqb.fc.up.pt","dreamhosp.fe.up.pt","dream.up.pt","drive01.up.pt","drive02.up.pt","drive.up.pt","dsap2.fc.up.pt","dsap.fc.up.pt","dsddei.fe.up.pt","dspace.dcc.fc.up.pt","dut.fba.up.pt","dynstoch2018.fe.up.pt","e2p.inegi.up.pt","e3.up.pt","eaae2018porto.arq.up.pt","eaia2018.dcc.fc.up.pt","eapa.arq.up.pt","eass2010porto.fade.up.pt","eat24.med.up.pt","ebw2.up.pt","ebwplus.up.pt","ebw.up.pt","ecaade2019.arq.up.pt","ecaadesigradi2019.arq.up.pt","ecca2013.up.pt","eccam.up.pt","ecca.up.pt","eclipse.dcc.fc.up.pt","ecmlpkdd2015.dcc.fc.up.pt","ecop.cibio.up.pt","ecoservices.ciimar.up.pt","ecotermip.inegi.up.pt","ecrimectf2017.up.pt","ectp2014.fc.up.pt","ecws.dcc.fc.up.pt","edadosbio.dcc.fc.up.pt","edaminor.dcc.fc.up.pt","edicoes.up.pt","editora.up.pt","editorial.up.pt","educa.fc.up.pt","edx.fe.up.pt","eedc.fc.up.pt","e-fisica.fc.up.pt","egp-upbs.up.pt","egp.up.pt","eheritage.mil.up.pt","eheritage.up.pt","eid-dev.up.pt","eiea.fba.up.pt","eiea.nea.fba.up.pt","eiea.up.pt","e-lab2.fc.up.pt","e-lab.fc.up.pt","elabs.fe.up.pt","elearning04-05.up.pt","elearning2003.up.pt","elearning2.fc.up.pt","elearning3.fc.up.pt","elearningbotanico.up.pt","elearningcafe.up.pt","elearning.dcc.fc.up.pt","elearning.fc.up.pt","elearning.fe.up.pt","elearning.up.pt","elies2014.up.pt","elimary-it.dcc.fc.up.pt","email.ibmc.up.pt","embryosfates.ispup.up.pt","emeeting.up.pt","emisship.fe.up.pt","empreendedorismosocial.up.pt","empreendedorismo.up.pt","emprego.up.pt","emundus.up.pt","enc.astro.up.pt","encontrodoutorandos.med.up.pt","endlessend.up.pt","eneas.fe.up.pt","enec2019.fc.up.pt","energia-jb-01.fc.up.pt","energia-jb-02.fc.up.pt","engenhariaradio.fe.up.pt","engradio.fe.up.pt","ensemble.dcc.fc.up.pt","ensure-fp7.fe.up.pt","ensure-fp7-plone.fe.up.pt","envie.fe.up.pt","environment2010.fe.up.pt","eos.fe.up.pt","epdah.fe.up.pt","epidemiologia.med.up.pt","epm.inegi.up.pt","e-power.fe.up.pt","eprae.fba.up.pt","eprae.nea.fba.up.pt","epr.med.up.pt","equipe.up.pt","eraesmc.up.pt","eramba.dcc.fc.up.pt","ereference.fe.up.pt","ermit.up.pt","esc.fpce.up.pt","escoladeverao.med.up.pt","escolaverao.med.up.pt","esmc.up.pt","esnporto.up.pt","espghan.med.up.pt","espresso.astro.up.pt","etc11.fe.up.pt","ete17.dcc.fc.up.pt","e-training.ibmc.up.pt","e-u.arq.up.pt","eurau12.arq.up.pt","eurocris.up.pt","euroinka.up.pt","euromicro2005.fe.up.pt","europar2014.dcc.fc.up.pt","eventoredib.up.pt","eventos.fe.up.pt","eventos.fl.up.pt","eventos.fpce.up.pt","eventos.letras.up.pt","events.fade.up.pt","events.inegi.up.pt","evf2019.fc.up.pt","evolution.ibmc.up.pt","evonets.dcc.fc.up.pt","evoppi.i3s.up.pt","ewp-dev.up.pt","ewp.up.pt","excas.fep.up.pt","exchange01.ciimar.up.pt","exchange.fpce.up.pt","expbiologydep.med.up.pt","exp.fe.up.pt","expodarwin.up.pt","extranet.ciimar.up.pt","fade.up.pt","fadeup-vpn.up.pt","fado.dcc.fc.up.pt","fados.fc.up.pt","fadosmed.med.up.pt","falcon.fe.up.pt","fammeal.up.pt","faqs.up.pt","faraday.fc.up.pt","fatvalue.fe.up.pt","faup3.arq.up.pt","fa.up.pt","faup.up.pt","faup-vpn.up.pt","fba.up.pt","fbaup-vpn.up.pt","fcnaup-fs01.fcna.up.pt","fcnaup-print.fcna.up.pt","fcna.up.pt","fcnaup-vpn.up.pt","fc.up.pt","fd.up.pt","fdup-vpn.up.pt","fedora.dcc.fc.up.pt","fedora-srv01.alunos.dcc.fc.up.pt","feno.med.up.pt","fep-print.fep.up.pt","fep.up.pt","fep-vpn.up.pt","fep-web.fep.up.pt","fep-www.fep.up.pt","fetalgrowthftp.med.up.pt","feupedicoes.fe.up.pt","feup-housing.fe.up.pt","feuphub.fe.up.pt","feupload.fe.up.pt","feup-print.fe.up.pt","fe.up.pt","ff.up.pt","Ficheiro binário (entrada standard) corresponde","figuraeminente.up.pt","fiip2006.up.pt","filesender.up.pt","fims.up.pt","fisica.fe.up.pt","fisiologia.med.up.pt","flipbook.up.pt","flup043.letras.up.pt","fm19-ws.dcc.fc.up.pt","fmdgt.fmd.up.pt","fmdup-dc01.fmd.up.pt","fmd.up.pt","fmdup-vpn.up.pt","fmumn.med.up.pt","fmup-dc01.med.up.pt","fmupnet.med.up.pt","fmuponline.med.up.pt","fmup-vpn.up.pt","fog.fpce.up.pt","fog.med.up.pt","folk.fc.up.pt","forca.fe.up.pt","foreman.grid.up.pt","formacaocontinua.up.pt","formacaorh.up.pt","forum-ccredes.alunos.dcc.fc.up.pt","forum.med.up.pt","forwardnutrition.fcna.up.pt","fotografia.ccre.arq.up.pt","foton.fe.up.pt","fpce.up.pt","fpceup-vpn.up.pt","fpro2.fe.up.pt","fpro.fe.up.pt","free.fe.up.pt","frontend01.ciimar.up.pt","frontend-a.ciimar.up.pt","frontend-b.ciimar.up.pt","fscd2016.dcc.fc.up.pt","ftp.alunos.dcc.fc.up.pt","ftp.fcna.up.pt","ftp.fc.up.pt","ftp.fe.up.pt","ftp.inegi.up.pt","ftp-old.up.pt","ftp.up.pt","futurecities.up.pt","futurecomp.uptec.up.pt","futureplaces.up.pt","futuretraditions.arq.up.pt","fw-administ.pbs.up.pt","fw-alunos.egp-upbs.up.pt","fw-alunos.egp.up.pt","fw-alunos.pbs.up.pt","fw.arq.up.pt","fw.direito.up.pt","fw-dmz.egp.up.pt","fw-dmz.pbs.up.pt","fw.fba.up.pt","fw.fcna.up.pt","fw.fmd.up.pt","fw.fpce.up.pt","fw-gestao.egp.up.pt","fw-gestao.pbs.up.pt","fw.i3s.up.pt","fw.ibmc.up.pt","fw.icbas-ff.up.pt","fw.mil.up.pt","fw.pbs.up.pt","fw.reit.up.pt","fw.sas.up.pt","fw-vpnadminist.egp.up.pt","fw-vpnadminist.pbs.up.pt","fw-vpnalunos.egp.up.pt","fw-vpnalunos.pbs.up.pt","fw-wireauth.egp.up.pt","fw-wireauth.pbs.up.pt","gabba.up.pt","gab.nea.fba.up.pt","gadup.up.pt","gaee.up.pt","gaia-dgps.fc.up.pt","gaia.fade.up.pt","gaia.ibmc.up.pt","galeriadosleoes.fba.up.pt","galeria.universidadejunior.up.pt","ganymedes.fcna.up.pt","gateway.alunos.dcc.fc.up.pt","gateway.cemup.up.pt","gateway.cimar.up.pt","gateway-ctf.labcc.dcc.fc.up.pt","gateway.dcc.fc.up.pt","gateway.labcc.dcc.fc.up.pt","gaup2000.fe.up.pt","gaup.fc.up.pt","gazela.fe.up.pt","gcc-mci.fe.up.pt","gdoc.up.pt","gdpr.dcc.fc.up.pt","gdprdm.dcc.fc.up.pt","gedi2005.med.up.pt","gediibasedados.med.up.pt","gedii.med.up.pt","gediisync.med.up.pt","gedi.med.up.pt","gein.fe.up.pt","geinsrv.fe.up.pt","gem2.ibmc.up.pt","gem.ibmc.up.pt","genid.dcc.fc.up.pt","genium.fe.up.pt","geodac.fc.up.pt","geolink.ncc.up.pt","geonet.fc.up.pt","geowiki.fba.up.pt","geracoes-alumni.up.pt","gescoa.fpceup.psi.up.pt","gescoa.fpce.up.pt","gestaocdup.up.pt","gestao-vpn.up.pt","getin.fep.up.pt","gi.fmd.up.pt","gim.med.up.pt","gisabase.up.pt","gisa.up.pt","gisaweb.fe.up.pt","gist.fe.up.pt","git.fe.up.pt","git.hyrax.dcc.fc.up.pt","gitlab01.alunos.dcc.fc.up.pt","gitlab.c3p.up.pt","gitlabtst.up.pt","gitsimusafe.fe.up.pt","git.sp.up.pt","glink.up.pt","glitema.up.pt","globalnest.fe.up.pt","gmat.pbs.up.pt","gnomo.fe.up.pt","golf.dcc.fc.up.pt","gpdstation.fc.up.pt","gportal-dev.up.pt","graph15.dcc.fc.up.pt","gravura.fba.up.pt","grh.fc.up.pt","grid001.fc.up.pt","grid001.fe.up.pt","grid001.up.pt","grid002.fc.up.pt","grid002.fe.up.pt","grid002.up.pt","grid003.fc.up.pt","grid003.fe.up.pt","grid003.up.pt","grid004.fc.up.pt","grid004.fe.up.pt","grid004.up.pt","grid005.fc.up.pt","grid005.fe.up.pt","grid005.up.pt","grid006.fc.up.pt","grid006.fe.up.pt","grid006.up.pt","grid007.fc.up.pt","grid007.fe.up.pt","grid007.up.pt","grid008.fc.up.pt","grid008.fe.up.pt","grid008.up.pt","grid009.fc.up.pt","grid009.fe.up.pt","grid009.up.pt","grid010.fc.up.pt","grid010.fe.up.pt","grid010.up.pt","grid011.fc.up.pt","grid011.fe.up.pt","grid011.up.pt","grid012.fc.up.pt","grid012.fe.up.pt","grid012.up.pt","grid013.up.pt","grid014.up.pt","grid015.up.pt","grid016.up.pt","grid017.up.pt","grid018.up.pt","grid019.up.pt","grid020.up.pt","grid021.up.pt","grid022.up.pt","grid023.up.pt","grid.fe.up.pt","grid-gw.fc.up.pt","gridpt1.fe.up.pt","grid-sw.fc.up.pt","grid-tc.fc.up.pt","grid.up.pt","gripe.up.pt","groupware.egp.up.pt","growup.up.pt","grp.med.up.pt","gsidev.fc.up.pt","gspie.up.pt","gtcemup.cemup.up.pt","gtfm.med.up.pt","gt-ipv6.fe.up.pt","gtletras.fl.up.pt","gtletras.letras.up.pt","guia.fep.up.pt","guitar.dcc.fc.up.pt","gw-aefcup.fc.up.pt","gw-alunos.dcc.fc.up.pt","gw-atendimento.fc.up.pt","gw-cigsr.fc.up.pt","gw-devel-90.fc.up.pt","gw-dmz1.fc.up.pt","gw-dmz2.fc.up.pt","gw-dmz.fc.up.pt","gw-docs-148.fc.up.pt","gw-docs-149.fc.up.pt","gw-docs-fc1.fc.up.pt","gw-docs-fc2.fc.up.pt","gw-docs-fc3.fc.up.pt","gw-docs-fc4.fc.up.pt","gw-docs-fc5.fc.up.pt","gw-docs-fc6.fc.up.pt","gw-docs-jb.fc.up.pt","gw-eduroam-133.fc.up.pt","gw-eduroam-82.fc.up.pt","gw-eduroam-83.fc.up.pt","gw-eduroam-84.fc.up.pt","gw-eduroam-85.fc.up.pt","gw-eduroam-alunos-134.fc.up.pt","gwegp.egp.up.pt","gwegp.pbs.up.pt","gw-exame.fc.up.pt","gw-fcup1.fc.up.pt","gw-fcup2.fc.up.pt","gw-fcup.fc.up.pt","gw.fe.up.pt","gw-impressoras1.fc.up.pt","gw-impressoras2.fc.up.pt","gw-impressoras.fc.up.pt","gw-labcc.dcc.fc.up.pt","gw-labs-158.fc.up.pt","gw-labs-159.fc.up.pt","gw-labs-fc1.fc.up.pt","gw-labs-fc2.fc.up.pt","gw-labs-fc3.fc.up.pt","gw-labs-fc4.fc.up.pt","gw-labs-fc5.fc.up.pt","gw-labs-fc6-063.fc.up.pt","gw-labs-fc6.fc.up.pt","gw-labs-jb.fc.up.pt","gw-liacc.dcc.fc.up.pt","gwn553.up.pt","gw-servicos.fc.up.pt","gw-videos.fc.up.pt","gw-vpn2.fc.up.pt","gw-vpn-alunos-88.fc.up.pt","gw-vpn-alunos-eduroam-guest-89.fc.up.pt","gw-vpn-alunos.fc.up.pt","gw-vpn-fcup-86.fc.up.pt","gw-vpn-fcup-eduroam-guest-87.fc.up.pt","gw-vpn-fcup.fc.up.pt","gw-vpn.fc.up.pt","gw-wifi-eventos.fc.up.pt","h03cl0301.fe.up.pt","h03cl0307.fe.up.pt","h2020.up.pt","hades.up.pt","handspy.dcc.fc.up.pt","handspy.up.pt","happy.dcc.fc.up.pt","hd1.fc.up.pt","hd2.fc.up.pt","hd3.fc.up.pt","hd4.fc.up.pt","hd5.fc.up.pt","heads.med.up.pt","healthtranslations.fe.up.pt","heimdall.fe.up.pt","helios.fe.up.pt","helpdesk.alunos.dcc.fc.up.pt","hera.fe.up.pt","hermes.fade.up.pt","higiene.med.up.pt","himp.up.pt","homes.fe.up.pt","horizon.cloud.up.pt","hound.up.pt","hpc.cibio.up.pt","hpctst.up.pt","hrp.ciimar.up.pt","hub.fpce.up.pt","huygens.i3s.up.pt","hydra2.up.pt","hydra.up.pt","hydrobio.icbas.up.pt","hyperaai.up.pt","hypergati.up.pt","hypermedia.up.pt","hypersites.up.pt","hyrax.dcc.fc.up.pt","i02cp2319.fe.up.pt","i02cp2505.fe.up.pt","i2ads.up.pt","i3s.up.pt","iacee2016.up.pt","ian-af.up.pt","iaps2012.fade.up.pt","iatul2020.fe.up.pt","iawww.astro.up.pt","ibmc.up.pt","ibrasil.up.pt","icavgt.icav.up.pt","icbas-ff.up.pt","icbas.up.pt","iceta.up.pt","icocep.fba.up.pt","iconografia.med.up.pt","icpc2019.up.pt","icsi.inegi.up.pt","icu-v08.gim.med.up.pt","icu-v3-demo.med.up.pt","idd.fba.up.pt","ideafix.ipatimup.up.pt","ideiassustentaveis.fe.up.pt","idemi.inegi.up.pt","identidades.up.pt","id.fpce.up.pt","idmais.fba.up.pt","idm.up.pt","idp-dev.up.pt","idpregraduacao.up.pt","idp.up.pt","id.up.pt","iecon2009.fe.up.pt","ieee-admin.fe.up.pt","iesmaisperto.up.pt","iess2020.fe.up.pt","ifcs2021.fep.up.pt","ifilosofia.up.pt","ifimup-in.fc.up.pt","ifimup.up.pt","ihuru.fe.up.pt","iiifmanifests.ifilosofia.up.pt","ijooes.fe.up.pt","ijsi2014.inegi.up.pt","ijup-empresas.up.pt","ijup.up.pt","ilp.fe.up.pt","image-pesc.fe.up.pt","imap.alunos.dcc.fc.up.pt","imap-alunos.fc.up.pt","imap.c3p.up.pt","imap.ciimar.up.pt","imap.dcc.fc.up.pt","imap.fade.up.pt","imap.fba.up.pt","imap.fcna.up.pt","imap.fc.up.pt","imap.fep.up.pt","imap.fe.up.pt","imap.ff.up.pt","imap.fmd.up.pt","imap.icav.up.pt","imap.icbas.up.pt","imap.inegi.up.pt","imapkt.up.pt","imap.labcc.dcc.fc.up.pt","imap.med.up.pt","imed-project.inegi.up.pt","imerso.mil.up.pt","im.fe.up.pt","img.fba.up.pt","im.med.up.pt","immer.fba.up.pt","impact.cultura.up.pt","impakt.up.pt","impressoras.fc.up.pt","inartedev.up.pt","inarte.fe.up.pt","ineb.fe.up.pt","ineb.up.pt","inegi.inegi.up.pt","ineginet.inegi.up.pt","inegi.up.pt","info2.fc.up.pt","info.fc.up.pt","info.fep.up.pt","infolab.fe.up.pt","infometro.fe.up.pt","infometropc3.fe.up.pt","info.mkt.up.pt","info-old.fc.up.pt","informatica.ciimar.up.pt","inhand.fe.up.pt","innovaspa.med.up.pt","innovmar.ciimar.up.pt","inovacaopedagogica.up.pt","inovadordoano.up.pt","input.up.pt","inqueritos2016.up.pt","inqueritos_satisfacao.up.pt","inqueritos.up.pt","inscricoes.jardimbotanico.up.pt","insitox.ciimar.up.pt","inspire.up.pt","intdmbc2019.fe.up.pt","international.arq.up.pt","international.direito.up.pt","international.fade.up.pt","international.fba.up.pt","international.fcna.up.pt","international.fep.up.pt","international.letras.up.pt","international.med.up.pt","international.up.pt","internetwork.up.pt","interpretar-a-ruina.arq.up.pt","inter.up.pt","interweave.up.pt","intranet.egp-upbs.up.pt","intranet.med.up.pt","intranet.mil.up.pt","intranet.pbs.up.pt","intro.med.up.pt","invasaodacasaandresen.up.pt","iobc-oportomeeting.up.pt","ipatimup.up.pt","ipbx01.fmd.up.pt","ipbx02.fmd.up.pt","ipbx1.fc.up.pt","ipbx2.fc.up.pt","ipbx.direito.up.pt","ipbx.fc.up.pt","ipbx.fd.up.pt","ipbx.fmd.up.pt","ipbx.med.up.pt","ipbx.pbs.up.pt","ipbx.sas.up.pt","ipminor.dcc.fc.up.pt","ipv6.fe.up.pt","ir-app1.up.pt","iricdevas.reit.up.pt","iricdevdb1.reit.up.pt","iricdevdb2.reit.up.pt","iricgw.ipatimup.up.pt","iris.dcc.fc.up.pt","irlab.fe.up.pt","isbs2011.fade.up.pt","isociologia.up.pt","ispup.mkt.up.pt","ispup.up.pt","isuf2014.fe.up.pt","itdc1.fe.up.pt","itw08.dcc.fc.up.pt","iup25k.up.pt","iwashere.fe.up.pt","ix.fba.up.pt","jardimbotanico.up.pt","jedi.ncc.up.pt","jetclass.inegi.up.pt","jiratst.up.pt","joanadumas-inesc.dcc.fc.up.pt","joomla30server.med.up.pt","journalengineering.fe.up.pt","journals.fe.up.pt","journalsojs3.fe.up.pt","jpn.c2com.up.pt","jpn.c2icom.up.pt","jpn-tst.mil.up.pt","jpn.up.pt","jpr.c2com.up.pt","juponline.up.pt","kaltura.up.pt","kashmir.dcc.fc.up.pt","keysender.up.pt","keyserver.dcc.fc.up.pt","khep.dcc.fc.up.pt","khero.dcc.fc.up.pt","khilas.dcc.fc.up.pt","khixote.dcc.fc.up.pt","khore.dcc.fc.up.pt","kirk.fba.up.pt","kml.inegi.up.pt","kms.up.pt","ktforce.up.pt","labcc.dcc.fc.up.pt","labclup.letras.up.pt","labiomep.up.pt","lab.nea.fba.up.pt","laboreal.up.pt","labrem.fe.up.pt","labs.mil.up.pt","laclis.mil.up.pt","lacm.fade.up.pt","laimm.med.up.pt","lams.fe.up.pt","land-3d.fc.up.pt","lanuce.ciimar.up.pt","lay2form.inegi.up.pt","lbaw.fe.up.pt","lbaw-prod.fe.up.pt","ldap-master.up.pt","ldso08.fe.up.pt","leaolab.ciimar.up.pt","legacy.letras.up.pt","lege.ciimar.up.pt","lepabe.fe.up.pt","ler1.letras.up.pt","ler.fl.up.pt","ler.letras.up.pt","lese.fe.up.pt","letras.up.pt","lfc01.up.pt","lfc.fe.up.pt","lgdf.med.up.pt","lgp5c.fe.up.pt","lgp.fe.up.pt","lgp-nau.fe.up.pt","liaad.up.pt","liacc.fe.up.pt","libguides.fe.up.pt","libreoffice.dcc.fc.up.pt","lidta.dcc.fc.up.pt","life.inegi.up.pt","lim.mil.up.pt","limserver.fe.up.pt","limvision.fe.up.pt","linux.fe.up.pt","listas.fc.up.pt","listas.up.pt","lists.alunos.dcc.fc.up.pt","lists.dcc.fc.up.pt","lists.med.up.pt","literaciafinanceira.fep.up.pt","livesd.fe.up.pt","livraria.fba.up.pt","lnivparcerias.up.pt","load.fe.up.pt","loja.fba.up.pt","loja.up.pt","longterm-rdm.up.pt","lord.fe.up.pt","lorosae.fe.up.pt","lotusplus.up.pt","lpetech.fe.up.pt","lpf-esi.fe.up.pt","lpro.fe.up.pt","lsi.fba.up.pt","lsre.fe.up.pt","lsre-lcm.fe.up.pt","lsts.fe.up.pt","lt3p.fe.up.pt","ltsp-test.dcc.fc.up.pt","ludicarchitecture.arq.up.pt","luvit1.fe.up.pt","luvit2.fe.up.pt","luvitdb.fe.up.pt","luxmirabilis.up.pt","lxlabs1.fc.up.pt","lxlabs2.fc.up.pt","lxlabs3.fc.up.pt","lxlabs4.fc.up.pt","lycos.up.pt","lynx.fba.up.pt","m01dh0310.fe.up.pt","m01dh1004.fe.up.pt","m2s.up.pt","macsrv1.fba.up.pt","madeinportugal.up.pt","madep.fba.up.pt","magellanleague.pbs.up.pt","magellanmba2015talentbook.pbs.up.pt","magellanmba2016talentbook.pbs.up.pt","mail1.ibmc.up.pt","mail.alunos.dcc.fc.up.pt","mail.astro.up.pt","mail.c3p.up.pt","mail.cibio.up.pt","mail.ciimar.up.pt","mail.dcc.fc.up.pt","mail.direito.up.pt","mail.egp-upbs.up.pt","mail.egp.up.pt","mail.eurau12.arq.up.pt","mail.fade.up.pt","mail.fba.up.pt","mail.fcna.up.pt","mail.fep.up.pt","mail.fe.up.pt","mail.ff.up.pt","mail.fl.up.pt","mail.fmd.up.pt","mail.fpce.up.pt","mailgraph.up.pt","mail.i3s.up.pt","mail.ibmc.up.pt","mail.icav.up.pt","mail.icbas.up.pt","mail.iceta.up.pt","mail.ineb.up.pt","mail.inegi.up.pt","mail.labcc.dcc.fc.up.pt","mail.letras.up.pt","maillog.up.pt","mail.med.up.pt","mailout1.up.pt","mailout2.up.pt","mailout3.up.pt","mailout4.up.pt","mailout5.up.pt","mailout6.up.pt","mailout.up.pt","mail.pbs.up.pt","mail.reit.up.pt","mailrelay.cibio.up.pt","mailrelay.i3s.up.pt","mailrelay.ibmc.up.pt","mailrelay.ineb.up.pt","mail.rsc.up.pt","mail.sas.up.pt","mailserver.ff.up.pt","mailserver.icbas.up.pt","mailsrvcp1.up.pt","mailsrvcp2.up.pt","mailsrvcp3.up.pt","mailsrvc.up.pt","mail.up.pt","mailx.fe.up.pt","mammoclass.dcc.fc.up.pt","mandriva.dcc.fc.up.pt","manualdeimagem.up.pt","manutencao.arq.up.pt","manutencao.sas.up.pt","mapadahabitacao.arq.up.pt","map.fba.up.pt","mapi.dcc.fc.up.pt","map-pdma.up.pt","mappingpublichousing.up.pt","maps.dcc.fc.up.pt","marenostrum2017.up.pt","marenostrum.up.pt","marinalgae4aqua.ciimar.up.pt","marin.ciimar.up.pt","marineye.ciimar.up.pt","martameira-it.dcc.fc.up.pt","marte.fcna.up.pt","masterplan.fe.up.pt","matematica.fc.up.pt","matlabws.fe.up.pt","mav.mil.up.pt","mba2017talentbook.pbs.up.pt","mbge.fc.up.pt","m-bw.dcc.fc.up.pt","m-bw.up.pt","mbx.testing.up.pt","mc1.fc.up.pt","mc2.fc.up.pt","mc3.fc.up.pt","mcbiology.up.pt","mcsp.med.up.pt","mdi.fba.up.pt","mds.dcc.fc.up.pt","mdt.arq.up.pt","mdti.fba.up.pt","mecanica-n.fe.up.pt","mecanica-s-p-101.fe.up.pt","mecanica-s-p2.fe.up.pt","mecanica-s-p34.fe.up.pt","mecc2016.dcc.fc.up.pt","mecc2017.dcc.fc.up.pt","mecc2018.dcc.fc.up.pt","mecc2019.dcc.fc.up.pt","medaircond.fe.up.pt","medcids.med.up.pt","media1.up.pt","media2.up.pt","media.fe.up.pt","mediagateway.fpce.up.pt","mediagw.fba.up.pt","medialab.fe.up.pt","media.up.pt","mediawiki.fba.up.pt","medicina2.med.up.pt","medicinador.med.up.pt","medicina.med.up.pt","medquest.med.up.pt","meds.med.up.pt","medstatweb.med.up.pt","med.up.pt","medwin.med.up.pt","meet.c3p.up.pt","me.fba.up.pt","memorias.dcc.fc.up.pt","memorias.ncc.up.pt","mergingvoices.up.pt","mestradoemescultura.fba.up.pt","mestrados.dcc.fc.up.pt","mestrados.med.up.pt","metalib.fe.up.pt","metapesquisa.up.pt","meta.up.pt","meteo.fc.up.pt","metis.fe.up.pt","metis.med.up.pt","metox.ciimar.up.pt","mgateway.ipatimup.up.pt","mg.fade.up.pt","mgfdup.direito.up.pt","mgw.fep.up.pt","mgw.letras.up.pt","mgw.med.up.pt","mgw.pbs.up.pt","mgw.sas.up.pt","mhnc.up.pt","miami.inegi.up.pt","michelson.fe.up.pt","michelson-v.fe.up.pt","microgen.fe.up.pt","milenio.up.pt","millenium-as.pbs.up.pt","millenium-web.pbs.up.pt","mil.up.pt","mil-vpn.up.pt","mim.med.up.pt","minas-p01.fe.up.pt","minas-p2.fe.up.pt","minas-p34.fe.up.pt","m.info.fep.up.pt","mirror.dcc.fc.up.pt","mirror.labcc.dcc.fc.up.pt","mirrors.fe.up.pt","mirrors.up.pt","mitportugal.fe.up.pt","miup2012.dcc.fc.up.pt","miup2015.dcc.fc.up.pt","mixingnas.fe.up.pt","mjm.astro.up.pt","mkt.mail.alumni.up.pt","mkt.up.pt","mlag.up.pt","mlexp.fe.up.pt","mn.fe.up.pt","mobilelab.fe.up.pt","mobilelabweb.fe.up.pt","mobileplus2.up.pt","mobileplus3.up.pt","mobileplus.up.pt","mobileunlimited.up.pt","mobiplan.fe.up.pt","modys.dcc.fc.up.pt","mon01.up.pt","moodle1213.med.up.pt","moodle1213.up.pt","moodle1315.up.pt","moodle1516.up.pt","moodle1617.up.pt","moodle1718.up.pt","moodle1819.up.pt","moodle1920.up.pt","moodle-bbb.up.pt","moodledashboard-test.up.pt","moodle.fe.up.pt","moodle.ibmc.up.pt","moodle.med.up.pt","moodleserver.med.up.pt","moodlestdby.up.pt","moodle-testbed7.up.pt","moodle-testbed.up.pt","moodle-trad.up.pt","moodle.up.pt","mooestroas.up.pt","mooestrodb.up.pt","moon.astro.up.pt","mooshak2.dcc.fc.up.pt","mooshak-contest.dcc.fc.up.pt","mooshak.dcc.fc.up.pt","mooshak-devel.dcc.fc.up.pt","mooshak-prova.dcc.fc.up.pt","moredoctst.reit.up.pt","mostra.up.pt","mozco.fe.up.pt","mpac.fba.up.pt","mse.pbs.up.pt","msi.dcc.fc.up.pt","msign-dev.up.pt","mt.c2com.up.pt","mt.ewp-dev.up.pt","mt.ewp.up.pt","multihomes.up.pt","multiwebmail.up.pt","mundus17.up.pt","mundusacp2.up.pt","mundusacp.up.pt","museu.fba.up.pt","museumaximianolemos.med.up.pt","museu.rmca.fba.up.pt","museus.fc.up.pt","museuvirtual.up.pt","mx01.up.pt","mx02.up.pt","mx03.up.pt","mx04.up.pt","mx05.up.pt","mx06.up.pt","mx07.up.pt","mx08.up.pt","mx09.up.pt","mx10.up.pt","mx.arq.up.pt","mxu.up.pt","mydiabetes.dcc.fc.up.pt","myhelpdesk.up.pt","mysql.cloud.up.pt","nabu.dcc.fc.up.pt","nanosed.ciimar.up.pt","nas.arq.up.pt","nascem.ciimar.up.pt","nasuperficie.up.pt","nat152.ff.up.pt","nat153.icbas-ff.up.pt","nat161.icbas-ff.up.pt","nat162.icbas-ff.up.pt","nat200.icbas-ff.up.pt","nat201.icbas-ff.up.pt","nat202.icbas-ff.up.pt","nat204.icbas-ff.up.pt","nat205.icbas-ff.up.pt","nat206.icbas-ff.up.pt","nat221.ff.up.pt","nat222.ff.up.pt","nat-eventos.up.pt","nautilus.ciimar.up.pt","nbu01.up.pt","nbu02.up.pt","nbu03.up.pt","nbu.up.pt","nbweb.up.pt","ncc.up.pt","nea.fba.up.pt","nebula.up.pt","neb.up.pt","necg.fe.up.pt","necgm.fe.up.pt","neeec.fe.up.pt","nei2012.up.pt","neothemi.up.pt","nereu.up.pt","netlab.fe.up.pt","netmon.fc.up.pt","neuropsi.up.pt","neutron.fe.up.pt","newdbserver.med.up.pt","newdevel.med.up.pt","newface.inegi.up.pt","newfood.up.pt","news.pbs.up.pt","newsroom.med.up.pt","newvirtualcare.gim.med.up.pt","newwebserver.med.up.pt","nextgene.pbs.up.pt","nf.dcc.fc.up.pt","ni.fe.up.pt","nilfstst.up.pt","nilson.fe.up.pt","nip.dcc.fc.up.pt","nivel.fe.up.pt","no-access-servers.fe.up.pt","nocentenariodaavenida.up.pt","nomadic.up.pt","norvig.fe.up.pt","note.up.pt","noticias.up.pt","novopaginas.fe.up.pt","novowww.egp.up.pt","nr.fe.up.pt","ns1.ciimar.up.pt","ns1.i3s.up.pt","ns1.icbas-ff.up.pt","ns1.icbas.up.pt","ns1it.up.pt","ns1.reit.up.pt","ns1.up.pt","ns1.up.pt.","ns2.ciimar.up.pt","ns2.i3s.up.pt","ns2it.up.pt","ns2.med.up.pt","ns2.reit.up.pt","ns2.up.pt","ns2.up.pt.","ns3.up.pt","ns3.up.pt.","ns4.up.pt","ns4.up.pt.","ns5.up.pt","ns.med.up.pt","nucc.dcc.fc.up.pt","nuieee.fe.up.pt","nuieee.up.pt","nutricao.fe.up.pt","nutriciencia.up.pt","nutritionup65.up.pt","nut-voip.fe.up.pt","nw29winterschool.up.pt","nweb.fe.up.pt","obelix.ipatimup.up.pt","obras.fep.up.pt","obscaremonit.med.up.pt","oc2013.fe.up.pt","oceano21.inegi.up.pt","oceansdls.up.pt","oceansys.fe.up.pt","oceanus.up.pt","oceanys.fe.up.pt","ociuporto.up.pt","ocs.letras.up.pt","odin.dcc.fc.up.pt","ofelia.dcc.fc.up.pt","ofelia.up.pt","oftalmo.med.up.pt","ojs.letras.up.pt","ojs.up.pt","ojudge.dcc.fc.up.pt","oldmail.iceta.up.pt","oldmoodles.fe.up.pt","old-relay.ff.up.pt","old-smtp.ff.up.pt","oldwww.egp.up.pt","oldwww.pbs.up.pt","omuseu.fba.up.pt","ondor.med.up.pt","oni.dcc.fc.up.pt","onlinelab.fe.up.pt","openg.fe.up.pt","openid.dcc.fc.up.pt","opennebula.dcc.fc.up.pt","openobscare.med.up.pt","openoffice.dcc.fc.up.pt","opensees.fe.up.pt","optmimed2.med.up.pt","optmimed.med.up.pt","orabolas.dcc.fc.up.pt","oradev.fe.up.pt","oraweb.fe.up.pt","orfeao.up.pt","orion.astro.up.pt","ors.med.up.pt","oteo.inegi.up.pt","otrs.fe.up.pt","out-students.alunos.dcc.fc.up.pt","out-traffic.dcc.fc.up.pt","out-traffic.labcc.dcc.fc.up.pt","ovz.elearningcafe.up.pt","pacifico.cimar.up.pt","paginas.fe.up.pt","paginas.fmd.up.pt","pandora.fe.up.pt","panoramix.cibio.up.pt","panoramix.i3s.up.pt","panoramix.ibmc.up.pt","panoramix.ineb.up.pt","panoramix.ipatimup.up.pt","paralaxe.astro.up.pt","parque.fep.up.pt","parque.fpce.up.pt","passaro.inegi.up.pt","pattie.fe.up.pt","pbs-si-dev-as.pbs.up.pt","pbs-si-qual-as.pbs.up.pt","pbs.up.pt","pc46.astro.up.pt","pc70.astro.up.pt","pcd.fba.up.pt","pcnu.med.up.pt","pda.arq.up.pt","pdap.fba.up.pt","pdbioetica.med.up.pt","pdb.med.up.pt","pdckdd.fe.up.pt","pdcp.med.up.pt","pdea.fba.up.pt","pdicss.med.up.pt","pdlp.fba.up.pt","pdma.up.pt","pdn.med.up.pt","pedagogiadaquimicaverde.fc.up.pt","pediatria.med.up.pt","penaccuracy.med.up.pt","penallergy.med.up.pt","pendulo.fe.up.pt","pensamentoecatastrofes.up.pt","pentaho.fl.up.pt","pentaho.letras.up.pt","pepol.arq.up.pt","perdigao.fe.up.pt","pgmdgeg.med.up.pt","pharmaria.fc.up.pt","phobos.astro.up.pt","pi4ies.up.pt","pic-ssh.dcc.fc.up.pt","pilot.fe.up.pt","piwik.ipatimup.up.pt","piwiktst.up.pt","piwik.up.pt","planear.fc.up.pt","planetario.up.pt","plantup.up.pt","plataformacontraaobesidade.fcna.up.pt","play.dcc.fc.up.pt","play.up.pt","plureal.up.pt","pmebeglobal.pbs.up.pt","pneumo.med.up.pt","pnt.up.pt","pnum.arq.up.pt","pnum.fe.up.pt","podcasts.up.pt","poly.fe.up.pt","polyspeak.direito.up.pt","polyspeak.fe.up.pt","pop3.fade.up.pt","pop3.fba.up.pt","pop3.fmd.up.pt","pop3.med.up.pt","pop.fcna.up.pt","pop.fe.up.pt","pop.ff.up.pt","pop.fmd.up.pt","pop.icav.up.pt","pop.icbas.up.pt","pop.inegi.up.pt","pop.med.up.pt","portaldasaude.up.pt","portal.i3s.up.pt","portal.ibmc.up.pt","portal.iceta.up.pt","portal.ipatimup.up.pt","portal.pbs.up.pt","portal.up.pt","portalwifi.up.pt","portfolio.med.up.pt","portimao.fe.up.pt","porto4ageing.up.pt","portobologna.up.pt","portocancermeeting.i3s.up.pt","portocidaderegiao.up.pt","portographics.dcc.fc.up.pt","porto.ibmc.up.pt","portoinsport.fade.up.pt","poseidon2.ciimar.up.pt","postgrad.med.up.pt","postgraduatestudies.meduporto.eupostgrad.med.up.pt","postman.fade.up.pt","power2methane.fe.up.pt","powerdnstst.up.pt","primerident.up.pt","printsrv.fe.up.pt","prise.fe.up.pt","prisma.cetac.up.pt","prize.i3s.up.pt","pro.academia-bem-envelhecer.up.pt","production.fe.up.pt","projct-docnet.up.pt","project.c3p.up.pt","project-digitalpatient.med.up.pt","project-docnet.up.pt","projectmia.up.pt","projectos.alunos.dcc.fc.up.pt","projectos.fba.up.pt","projectosvivos.fba.up.pt","projectserver.dcc.fc.up.pt","projectsplach.up.pt","projeto.digitalact.pbs.up.pt","projetos.icbas-ff.up.pt","proj.fe.up.pt","projman.fe.up.pt","projopcao.med.up.pt","projtst.up.pt","proj.up.pt","proteus.up.pt","proxy1.med.up.pt","proxy2.med.up.pt","psigpsrv.fe.up.pt","psi.med.up.pt","psi.mil.up.pt","psi.up.pt","psychosomatic.med.up.pt","ptflora.up.pt","public.fe.up.pt","pulsar.astro.up.pt","puppet.grid.up.pt","pureprint.fba.up.pt","px01.up.pt","qa.ff.up.pt","qf.ff.up.pt","qlikview.up.pt","qmc.up.pt","qrpresc.dcc.fc.up.pt","qtem.fep.up.pt","qualoteustress.med.up.pt","quark.fe.up.pt","quasar.astro.up.pt","questionario.pmebeglobal.pbs.up.pt","quimeradb.up.pt","quimera.up.pt","quimica-p-101.fe.up.pt","quimica-p234.fe.up.pt","quim-vm1.icbas.up.pt","quim-vm2.icbas.up.pt","quim-vm.icbas.up.pt","racktables.reit.up.pt","radiator.med.up.pt","radius1.fc.up.pt","radius2.fc.up.pt","radius.ciimar.up.pt","radius-eu.alunos.dcc.fc.up.pt","radius-eu.dcc.fc.up.pt","radius-eu.labcc.dcc.fc.up.pt","radius.ipatimup.up.pt","raia.up.pt","rails.arq.up.pt","raposa-pt.fc.up.pt","raptor.up.pt","ra.sas.up.pt","rastafa.icav.up.pt","rcm.dcc.fc.up.pt","rdm.up.pt","rds-web.campus.up.pt","reaction.fe.up.pt","rec-mat.up.pt","rede10.reit.up.pt","rede11.reit.up.pt","rede12.reit.up.pt","rede13.reit.up.pt","rede14.reit.up.pt","rede150.reit.up.pt","rede155.reit.up.pt","rede15.reit.up.pt","rede1.icbas.up.pt","rede204.reit.up.pt","rede205.reit.up.pt","rede254.reit.up.pt","rede2.icbas.up.pt","rede3.icbas.up.pt","rede4.icbas.up.pt","rede5.icbas.up.pt","rede6.icbas.up.pt","rede6.reit.up.pt","rede74.reit.up.pt","rede7.icbas.up.pt","rede7.reit.up.pt","rede80.reit.up.pt","rede8.reit.up.pt","rede9.reit.up.pt","redmine.fe.up.pt","redmine-recmat.up.pt","redmine-sri.up.pt","redmine.up.pt","reelcoop.fe.up.pt","refer.gim.med.up.pt","registoanafilaxia.gim.med.up.pt","registocdup.up.pt","reinolinux.fe.up.pt","reitor.up.pt","reit-print.reit.up.pt","reit-siifm.campus.up.pt","reit.up.pt","relacoesexternas.fade.up.pt","relay1.egp.up.pt","relay1.fc.up.pt","relay1.fe.up.pt","relay1.up.pt","relay2.fc.up.pt","relay2.fe.up.pt","relay2.up.pt","relay3.up.pt","relay4.up.pt","relay.egp.up.pt","relay.fe.up.pt","relay.ff.up.pt","relay.pbs.up.pt","relay.up.pt","relogiodepontoit.fe.up.pt","relogioponto-it.dcc.fc.up.pt","remoteaccess.i3s.up.pt","remotedns.fe.up.pt","remote.fe.up.pt","remotelab.fe.up.pt","remotelese.fe.up.pt","renovacao-partilha-coesao.up.pt","repaberto-dev2.up.pt","repaberto-dev.up.pt","reports.egp-upbs.up.pt","repos.fe.up.pt","repositorio-aberto-dev.up.pt","repositorio-aberto-old.up.pt","repositorio-aberto.up.pt","repositorio-dev.up.pt","repositorio-tematico-dev.up.pt","repositorio-tematico-old.up.pt","repositorio-tematico.up.pt","repositorio.up.pt","reqmaterial.fmd.up.pt","resdomus.arq.up.pt","researchmetrics.up.pt","reservas.med.up.pt","residencias.fba.up.pt","reunir.med.up.pt","rg.sas.up.pt","rnbt.ipatimup.up.pt","rnme.up.pt","roedor.up.pt","router.dcc.fc.up.pt","rpcd.fade.up.pt","rstudio.up.pt","rt1-l2.up.pt","rt1-l3.up.pt","rt1-l4l.up.pt","rt1-l4r.up.pt","rt1.up.pt","rt2-l1.up.pt","rt2-l3.up.pt","rt2-l4.up.pt","rt2.up.pt","rt3-l1.up.pt","rt3-l2.up.pt","rt3.up.pt","rt4-l1l.up.pt","rt4-l1r.up.pt","rt4-l2.up.pt","rt4.up.pt","rt.ibmc.up.pt","rtsi.dcc.fc.up.pt","rufus.fe.up.pt","rugby2010.up.pt","sacramento.inegi.up.pt","sa.fc.up.pt","salivaryglandconference.med.up.pt","sama.up.pt","sanfeed.icbas.up.pt","sarajevojepii.up.pt","sasup.up.pt","sasup-vpn.up.pt","saturno.fcna.up.pt","saudedepe.up.pt","sbcuporto.fba.up.pt","sbim.med.up.pt","scaffolding.fba.up.pt","scandrop.fe.up.pt","scicom.up.pt","sciencedata.up.pt","scol.mil.up.pt","scorpdatabase.med.up.pt","sdd.up.pt","sdi1.letras.up.pt","sdi.fba.up.pt","sdi.letras.up.pt","sdm2010.fade.up.pt","seaports.inegi.up.pt","seccica.fe.up.pt","sec.fpce.up.pt","secretaria.egp-upbs.up.pt","seeddms.pbs.up.pt","seleq.fe.up.pt","semanadodesign.fba.up.pt","seminarios.fep.up.pt","sensemycity.up.pt","sensinair.fe.up.pt","seriousgames.fe.up.pt","serpri.fe.up.pt","serv01.fe.up.pt","server01.direito.up.pt","server02.direito.up.pt","server2.icav.up.pt","server5.icav.up.pt","server.icav.up.pt","services.ciimar.up.pt","services.openehr.med.up.pt","servicoldap.up.pt","servicomail.up.pt","servicos.inegi.up.pt","servicosmtp.up.pt","servicos-vpn.up.pt","servicowebmail2.up.pt","servicowebmail.up.pt","setec3.fe.up.pt","setecg2a.fe.up.pt","sfp.dcc.fc.up.pt","sfx.fe.up.pt","sgap-bd.up.pt","sgap.up.pt","shm.fe.up.pt","short.up.pt","sibila1.dcc.fc.up.pt","sibila2.dcc.fc.up.pt","sicc.fe.up.pt","si.direito.up.pt","si.elearningcafe.up.pt","si.fep.up.pt","sifeup.fe.up.pt","sigarradevas.up.pt","sigarradevlog.up.pt","sigarradevmailsrvc.up.pt","sigarradevpesq.up.pt","sigarradevp.up.pt","sigarradev.up.pt","sigarrarefuo.up.pt","sigarrarepform.up.pt","sigarrareppre.up.pt","sigarrareptstdev.up.pt","sigarrareptst.up.pt","sigarrarep.up.pt","sigarra.up.pt","sigarravers.up.pt","sigarraweb1.up.pt","sigarraweb2.up.pt","sigarraweb3.up.pt","sigarraweb4.up.pt","sigarrawebstdby.up.pt","sigeinet.inegi.up.pt","sigest.inegi.up.pt","sigex.fe.up.pt","signserver.dcc.fc.up.pt","signserver-dev.up.pt","sigradi2019.arq.up.pt","silentrupture.arq.up.pt","silicon.fe.up.pt","simba.fe.up.pt","si.med.up.pt","simulacao.med.up.pt","simulacao.up.pt","sinf7-linux2.icbas.up.pt","sinformatica.fpce.up.pt","sisifo21.up.pt","sisifo2.up.pt","sisifo31.up.pt","sisifo3.up.pt","sisifo4.up.pt","sisifo5.up.pt","sisifo.up.pt","sismedicos.med.up.pt","sisporto.med.up.pt","sites.fba.up.pt","sitesrc.up.pt","skiron.inegi.up.pt","slides1.ipatimup.up.pt","slides.ipatimup.up.pt","smart2.up.pt","smartlink.up.pt","smetabolismo.med.up.pt","smt.fe.up.pt","smtp1.up.pt","smtp2.up.pt","smtp3.up.pt","smtp4.up.pt","smtp.alunos.dcc.fc.up.pt","smtp-alunos.fc.up.pt","smtp.c3p.up.pt","smtp.dcc.fc.up.pt","smtp.fade.up.pt","smtp.fba.up.pt","smtp.fc.up.pt","smtp.fep.up.pt","smtp.fe.up.pt","smtp.ff.up.pt","smtp.fl.up.pt","smtp.fpce.up.pt","smtp.icbas.up.pt","smtp.inegi.up.pt","smtp.ipatimup.up.pt","smtp.labcc.dcc.fc.up.pt","smtp.letras.up.pt","smtp.med.up.pt","smtp-out1.fc.up.pt","smtp.reit.up.pt","snorby.up.pt","socialbus.fe.up.pt","social.dcc.fc.up.pt","socialhub.cultura.up.pt","sofc.inegi.up.pt","softcontrol.fba.up.pt","softeng.fe.up.pt","software.fc.up.pt","sogrape.inegi.up.pt","sol.astro.up.pt","sola.up.pt","somos.fep.up.pt","sonar.dcc.fc.up.pt","sopcom2011.up.pt","spa.astro.up.pt","spacewalk.up.pt","spa-listas.astro.up.pt","spa-www.astro.up.pt","specifydb.up.pt","specs.fe.up.pt","spie.up.pt","spilless.ciimar.up.pt","splunk.up.pt","spn.med.up.pt","spock.fba.up.pt","spointst.up.pt","spsim15.med.up.pt","spssactivationserver.med.up.pt","sptasurvey.fe.up.pt","sp.up.pt","squid0.grid.up.pt","squid1.grid.up.pt","squirrel.fep.up.pt","srb.up.pt","sridev.up.pt","sri.up.pt","srv01.ccre.arq.up.pt","srv02.ccre.arq.up.pt","srv03.ccre.arq.up.pt","srv04.ccre.arq.up.pt","ssh.alunos.dcc.fc.up.pt","ssh.dcc.fc.up.pt","ssh.fc.up.pt","ssh.labcc.dcc.fc.up.pt","ssla.fe.up.pt","ssl.fe.up.pt","sslvpn.fe.up.pt","sslvpnold.fe.up.pt","ssquare.fe.up.pt","stanley.fe.up.pt","starcraft1.fe.up.pt","stark.up.pt","startupbuzz.up.pt","stat2.med.up.pt","stat.med.up.pt","storm.fe.up.pt","streamer.fe.up.pt","street.fe.up.pt","structures.arq.up.pt","submit.grid.fe.up.pt","summercourses.up.pt","summerschool.i3s.up.pt","supernova.astro.up.pt","suporte.egp.up.pt","s.up.pt","survey.dcc.fc.up.pt","survey.i3s.up.pt","surveys.fpce.up.pt","sustaint.up.pt","svn.alunos.dcc.fc.up.pt","svn.dcc.fc.up.pt","svn.fc.up.pt","svn.fe.up.pt","sweets2007.astro.up.pt","swerc-coaches.dcc.fc.up.pt","swerc.up.pt","sympa.up.pt","syn4data.med.up.pt","systec.fe.up.pt","systec-fof.fe.up.pt","talentlink.egp-upbs.up.pt","talentlink.egp.up.pt","talentlink.pbs.up.pt","taloetool.up.pt","taloe.up.pt","tcpgate.fe.up.pt","tcs-escience.up.pt","tcs-personal.up.pt","tedx.up.pt","telefones.fc.up.pt","temperatura.fe.up.pt","territoriocasacomum.arq.up.pt","teste.reit.up.pt","testing.up.pt","test.inovacaopedagogica.up.pt","texto.fba.up.pt","thecircle.up.pt","thenewageofdiscoveries.pbs.up.pt","thin-clients-server1.fc.up.pt","ticketstst-old.up.pt","ticketstst.up.pt","tickets.up.pt","tic.up.pt","tinibst.fe.up.pt","tmp95.astro.up.pt","topas.dcc.fc.up.pt","totoro.i3s.up.pt","tpas.alunos.dcc.fc.up.pt","tpas-desafios.alunos.dcc.fc.up.pt","tpas-exame.alunos.dcc.fc.up.pt","trackingwrsc.fe.up.pt","traffic.fe.up.pt","training.i3s.up.pt","training.ibmc.up.pt","transfer.i3s.up.pt","travelogue.fba.up.pt","treccafricap.up.pt","treccafrica.up.pt","trice.dcc.fc.up.pt","tuna-feminina.med.up.pt","tuna.med.up.pt","tvupbackoffice.up.pt","tv.up.pt","twserver.alunos.dcc.fc.up.pt","tyrion.up.pt","uamt.med.up.pt","ubuntu.dcc.fc.up.pt","udream.up.pt","ufn2.gim.med.up.pt","ufn.med.up.pt","ufporto.med.up.pt","ui01.up.pt","uim2012.inegi.up.pt","uim.up.pt","umsucc.fe.up.pt","uncardio.med.up.pt","unetba.up.pt","unicard.up.pt","unic.med.up.pt","unifi.fc.up.pt","uniprise.up.pt","universia.up.pt","universidadejunior.up.pt","unneeded.fba.up.pt","unreal.fe.up.pt","uparte.fba.up.pt","upassiduidade.up.pt","upbsalumni.egp-upbs.up.pt","updev2.up.pt","updev.up.pt","upin.up.pt","upmedia.fc.up.pt","upointdr.up.pt","upoint.up.pt","uporto2020.up.pt","uportowifiguest.up.pt","up.pt","upsoft.up.pt","uptec.up.pt","urcd.fe.up.pt","urt.fc.up.pt","usergest.campus.up.pt","users.fba.up.pt","users.med.up.pt","varys.up.pt","vat.fe.up.pt","vciftp.med.up.pt","vcintegrator.gim.med.up.pt","vconnection-vdi.pbs.up.pt","vecpar.fe.up.pt","velososalgadonoporto.up.pt","venus2.up.pt","venus3.up.pt","venus.up.pt","vibest.fe.up.pt","videoconf.astro.up.pt","videoconferencia02.dcc.fc.up.pt","videoconferencia.dcc.fc.up.pt","videos.fc.up.pt","videos.fe.up.pt","videosibergrid.up.pt","vidyo.fe.up.pt","vidyorouter1.fe.up.pt","vidyorouter1.up.pt","vidyorouter2.fe.up.pt","vidyorouter2.up.pt","vimu.med.up.pt","virqual.up.pt","virt2.med.up.pt","virtmoodle.med.up.pt","virtualcare.med.up.pt","vision.dcc.fc.up.pt","vitoroliveira.fe.up.pt","vive.up.pt","vj2018.fba.up.pt","vlti-www.astro.up.pt","voip.arq.up.pt","voip.astro.up.pt","voip.cbio.up.pt","voip.fade.up.pt","voip.fba.up.pt","voipfccn.fcna.up.pt","voipfccn.fmd.up.pt","voip.fcna.up.pt","voip.fc.up.pt","voip.fd.up.pt","voip.fep.up.pt","voip.fe.up.pt","voip.ff.up.pt","voip.fmd.up.pt","voip.fpce.up.pt","voip.i3s.up.pt","voip.icbas.up.pt","voip.letras.up.pt","voip.med.up.pt","voip-mgw.fc.up.pt","voip.mil.up.pt","voip.pbs.up.pt","voip.sas.up.pt","voipserver.astro.up.pt","voiptestes.fe.up.pt","voluntariadofmup.med.up.pt","voluntariado.up.pt","voms.up.pt","vpn-bon.icbas.up.pt","vpn.fade.up.pt","vpn.fc.up.pt","vpn.fep.up.pt","vpn.fe.up.pt","vpn.icav.up.pt","vpn.icbas-ff.up.pt","vpn.inegi.up.pt","vpn.letras.up.pt","vpnpptp.fe.up.pt","vpns.fcna.up.pt","vpnssl.fe.up.pt","vpsolver.dcc.fc.up.pt","w2d.inegi.up.pt","w2p.inegi.up.pt","wago.fba.up.pt","wams.med.up.pt","wapmail.fe.up.pt","wapps1.fc.up.pt","wapps2.fc.up.pt","wardrop.fe.up.pt","warrior.fep.up.pt","w.astro.up.pt","wavesofdrawings.fe.up.pt","wayf.up.pt","wdc3.fc.up.pt","web01.alunos.dcc.fc.up.pt","web01.up.pt","web02.ciimar.up.pt","web02.up.pt","web03.ciimar.up.pt","web14.arq.up.pt","web2.letras.up.pt","web3.letras.up.pt","web4.letras.up.pt","web-analytics.fe.up.pt","webapps.fep.up.pt","web.arq.up.pt","webarq.up.pt","webcare.med.up.pt","web.ccre.arq.up.pt","web.ciimar.up.pt","webcluster.ibmc.up.pt","webcont.up.pt","webdb.up.pt","web.dcc.up.pt","webdev.fc.up.pt","webdev.up.pt","web.direito.up.pt","web.fc.up.pt","web.fd.up.pt","web.fe.up.pt","web.fl.up.pt","webftp.inegi.up.pt","webgraph.up.pt","web.icbas.up.pt","web.letras.up.pt","weblog.up.pt","webmail2.fc.up.pt","webmail5.reit.up.pt","webmail.aaoup.up.pt","webmail.alunos.dcc.fc.up.pt","webmail.astro.up.pt","webmail.atg.up.pt","webmail.c3p.up.pt","webmail.cdup.up.pt","webmail.cedup.up.pt","webmail.cemup.up.pt","webmail.cetac.up.pt","webmail.ciamh.up.pt","webmail.ciencia20.up.pt","webmail.ciimar.up.pt","webmail.clup.up.pt","webmail.conselhogeral.up.pt","webmail.cup.up.pt","webmail.darc.up.pt","webmail.dcc.fc.up.pt","webmail.direito.up.pt","webmail.egp-upbs.up.pt","webmail.egp.up.pt","webmail.fade.up.pt","webmail.fba.up.pt","webmail.fcna.up.pt","webmail.fc.up.pt","webmail.fep.up.pt","webmail.fe.up.pt","webmail.ff.up.pt","webmail.fmd.up.pt","webmail.fpce.up.pt","webmail.futurecities.up.pt","webmail-ian-af.up.pt","webmail.ian-af.up.pt","webmail.ibmc.up.pt","webmail.icav.up.pt","webmail.icbas.up.pt","webmail.inegi.up.pt","webmail.ispup.up.pt","webmail.jpn.up.pt","webmail.jup.up.pt","webmail.labcc.dcc.fc.up.pt","webmail.labiomep.up.pt","webmail.loja.up.pt","webmail.med.up.pt","webmail.mhnc.up.pt","webmail.mil.up.pt","webmail.neb.up.pt","webmail.ocanus.up.pt","webmail.orfeao.up.pt","webmail.pbs.up.pt","webmail.planetario.up.pt","webmail.reit.up.pt","webmail.sas.up.pt","webmail.sdd.up.pt","webmail.sopcom2011.up.pt","webmail.sp.up.pt","webmail.startupbuzz.up.pt","webmails.up.pt","webmail.testing.up.pt","webmail.tv.up.pt","webmail.udream.up.pt","webmail.up.pt","webmail.uptec.up.pt","webmed1.med.up.pt","web.med.up.pt","webmin.letras.up.pt","webpages.fe.up.pt","webpages.icav.up.pt","web.pbs.up.pt","webprint.up.pt","webprocesspair.fe.up.pt","webserver.med.up.pt","weg2019.fep.up.pt","welcome2018.up.pt","wepp.fe.up.pt","whale.fe.up.pt","wiki02.dcc.fc.up.pt","wikicts.med.up.pt","wiki.hyrax.dcc.fc.up.pt","wiki.inegi.up.pt","wiki-mednet.gim.med.up.pt","wikimuno.med.up.pt","wiki.reit.up.pt","winds.fe.up.pt","windsp.fe.up.pt","windsp-staging.fe.up.pt","windsptds.fe.up.pt","windsp-test.fe.up.pt","windspt.fe.up.pt","wip.fba.up.pt","wireless.egp.up.pt","wisc2011.up.pt","wish2013.med.up.pt","wlabs10.fc.up.pt","wlabs11.fc.up.pt","wlabs12.fc.up.pt","wlabs13.fc.up.pt","wlabs14.fc.up.pt","wlabs15.fc.up.pt","wlabs16.fc.up.pt","wlabs17.fc.up.pt","wlabs18.fc.up.pt","wlabs19.fc.up.pt","wlabs1.fc.up.pt","wlabs20.fc.up.pt","wlabs21.fc.up.pt","wlabs22.fc.up.pt","wlabs23.fc.up.pt","wlabs24.fc.up.pt","wlabs2.fc.up.pt","wlabs3.fc.up.pt","wlabs4.fc.up.pt","wlabs5.fc.up.pt","wlabs6.fc.up.pt","wlabs7.fc.up.pt","wlabs8.fc.up.pt","wlabs9.fc.up.pt","wm1.fe.up.pt","wm2.fe.up.pt","wm.fe.up.pt","wms01.up.pt","wordpresstst.up.pt","work.dcc.fc.up.pt","workinggenderation.fpce.up.pt","workplus.up.pt","world.fba.up.pt","wowza.up.pt","wpdev.up.pt","wps.fep.up.pt","wp.up.pt","www1.icbas.up.pt","www1.up.pt","www2005.fc.up.pt","www.25.ineb.up.pt","www.2cihclb.arq.up.pt","www2.ciimar.up.pt","www2.dcc.fc.up.pt","www2.fc.up.pt","www2.fep.up.pt","www2.ff.up.pt","www2.icbas.up.pt","www2.letras.up.pt","www2.up.pt","www3.icbas.up.pt","www3.up.pt","www4.icbas.up.pt","www4.up.pt","www5.icbas.up.pt","www.aai.up.pt","www.academia-bem-envelhecer.up.pt","www.aiesec.up.pt","www.alexithymia.med.up.pt","www.alumni2017.up.pt","www.alumni.pbs.up.pt","www.alunos.dcc.fc.up.pt","www.alunos.fc.up.pt","www.amacc.med.up.pt","www.anameforhealth.med.up.pt","www.anatomia.med.up.pt","www.angle.up.pt","www.apartidaria.up.pt","www.arquivo-digital.up.pt","www.arquivo.up.pt","www.arq.up.pt","www.astro.up.pt","www.atg.up.pt","www.atoz.up.pt","www.auniversidadenocentenario.up.pt","www.babel.up.pt","www.baes.up.pt","www.biblio-sbim.med.up.pt","www.biblioteca.med.up.pt","www.biblioteca-na-escola.up.pt","www.biblioteca.up.pt","www.biblioteca.web.med.up.pt","www.bimage.ineb.up.pt","www.bioimaging2014.ineb.up.pt","www.bioimaging2015.ineb.up.pt","www.bioimaging2016.i3s.up.pt","www.bioquimica.med.up.pt","www.breastcancer.up.pt","www.buzzarena.up.pt","www.buzzinternship.up.pt","www.buzzsessions.up.pt","www.c3p.up.pt","www.carat.med.up.pt","www.ca.up.pt","www.cc07-13.med.up.pt","www.cc14-20fmup.med.up.pt","www.cdup.up.pt","www.ceau.arq.up.pt","www.ceca.up.pt","www.cedup.up.pt","www.cem.med.up.pt","www.cemup.up.pt","www.cesb2017.i3s.up.pt","www.charcoscomvida.ciimar.up.pt","www.ciamh.up.pt","www.cides.med.up.pt","www.ciencia20.up.pt","www.ciencia-vinho2017.up.pt","www.cigc.med.up.pt","www.ciimar.up.pt","www.cije.up.pt","www.cipes.up.pt","www.cirurgia-plastica.med.up.pt","wwwcivil.fe.up.pt","www.climaedumedia.up.pt","www.cl.up.pt","www.computools.i3s.up.pt","www.congresso2016.up.pt","www.congressoortodontiafmup.med.up.pt","www.consumoalimentarporto.med.up.pt","www.cpcb.med.up.pt","www.criptogamia.up.pt","www.csirt.up.pt","www.ct.up.pt","www.dcc.fc.up.pt","www.ddfporto2017.med.up.pt","www.debra.med.up.pt","www.deepnets.ineb.up.pt","www.departamentocirurgia.med.up.pt","www.depmedicina.med.up.pt","www.desafiounico.up.pt","www.descoberta.up.pt","www-dev.fba.up.pt","www.dfl.arq.up.pt","www.direitoshumanos.up.pt","www.direito.up.pt","www.doencaspulmonaresdifusas.med.up.pt","www.dor.med.up.pt","www.dream.up.pt","www.ebw2.up.pt","www.ebwplus.up.pt","www.ecca.up.pt","www.edicoes.up.pt","www.editorial.up.pt","www.egp-upbs.up.pt","www.egp.up.pt","www.eiea.up.pt","www.elearning.up.pt","www.embryosfates.ispup.up.pt","www.empreendedorismosocial.up.pt","www.empreendedorismo.up.pt","www.encontrodoutorandos.med.up.pt","www.endlessend.up.pt","www.epidemiologia.med.up.pt","www.epr.med.up.pt","www.escoladeverao.med.up.pt","www.esnporto.up.pt","www.espghan.med.up.pt","www.eurau12.arq.up.pt","www.eurau2012.arq.up.pt","www.eurocris.up.pt","www.ewp.up.pt","www.expbiologydep.med.up.pt","www.expodarwin.up.pt","www.fade.up.pt","www.fadosmed.med.up.pt","www.fa.up.pt","www.fba.up.pt","www.fcna.up.pt","www.fc.up.pt","www.fd.up.pt","www.fep.up.pt","www.fetalgrowth.med.up.pt","www.fe.up.pt","www.ff.up.pt","www.fims.up.pt","www.fl.up.pt","www.fmd.up.pt","www.fm.up.pt","www.formacaocontinua.up.pt","www.forum.med.up.pt","www.fpce.up.pt","www.futurecities.up.pt","www.futureplaces.up.pt","www.gabba.up.pt","www.gedii.med.up.pt","www.glitema.up.pt","www.grid.fe.up.pt","www.grid.up.pt","www.gripe.up.pt","www.h2020.up.pt","www.higiene.med.up.pt","www.i3s.up.pt","www.iacee2016.up.pt","www.ian-af.up.pt","www.ib2.ineb.up.pt","www.ibmc.ineb.up.pt","www.ibmc.up.pt","www.icav.up.pt","www.icbas-ff.up.pt","www.icbas.up.pt","www.iceta.up.pt","www.idarn.up.pt","www.identidades.up.pt","www.idpregraduacao.up.pt","www.id.up.pt","www.ifilosofia.up.pt","www.ifimup.up.pt","www.ijup.up.pt","www.ineb.up.pt","www.inegi.up.pt","www.inovacaopedagogica.up.pt","www.inscricoes.jardimbotanico.up.pt","www.international.fba.up.pt","www.international.up.pt","www.invasaodacasaandresen.up.pt","www.ipatimup.up.pt","www.ispup.up.pt","www.iup25k.up.pt","www.jardimbotanico.up.pt","www.labcc.dcc.fc.up.pt","www.labiomep.up.pt","www.laboreal.up.pt","www.labptbionet.ibmc.up.pt","www.laimm.med.up.pt","www.lepabe.fe.up.pt","www.letras.up.pt","www.liaad.up.pt","www.liacc.up.pt","www.loja.up.pt","www.madeinportugal.up.pt","www.magellanleague.egp.up.pt","www.magellanleague.pbs.up.pt","www.manualdeimagem.up.pt","www.mapadahabitacao.arq.up.pt","www.map-pdma.up.pt","www.marenostrum2017.up.pt","www.mcbiology.up.pt","www.medicinador.med.up.pt","www.medicina.med.up.pt","www.medquest.med.up.pt","www.meds.med.up.pt","www.med.up.pt","www.metis.med.up.pt","www.mil.up.pt","www.mim.med.up.pt","www.mobileplus2.up.pt","www.mobileplus3.up.pt","www.mokidros.ibmc.up.pt","www.moodle1617.up.pt","www.moodle1819.up.pt","www.mostra.up.pt","www.mundus17.up.pt","www.mundusacp2.up.pt","www.museumaximianolemos.med.up.pt","www.nasuperficie.up.pt","www.ncc.up.pt","www.neb.up.pt","www.nei2012.up.pt","www.newsroom.med.up.pt","www.nocentenariodaavenida.up.pt","www.nomadic.up.pt","www.nutriciencia.up.pt","www.nutritionup65.up.pt","www.oceansdls.up.pt","www.oceanus.up.pt","www.oftalmo.med.up.pt","www-old.astro.up.pt","www.ondor.med.up.pt","www.optmimed.med.up.pt","www.orfeao.up.pt","www.ors.med.up.pt","www.pbs.up.pt","www.pdicss.med.up.pt","www.pdma.up.pt","www.pdn.med.up.pt","www.petrushispanus.up.pt","www.planear.fc.up.pt","www.planetario.up.pt","www.plantup.up.pt","www.plureal.up.pt","www.pneumo.med.up.pt","www.pnt.up.pt","www.portal.pbs.up.pt","www.porto4ageing.up.pt","www.portocancermeeting.i3s.up.pt","www.postgrad.med.up.pt","www.projectmia.up.pt","www.psi.med.up.pt","www.qmc.up.pt","www.qualoteustress.med.up.pt","www.raia.up.pt","www.reitor.up.pt","www.reit.up.pt","www.repositorio.up.pt","www.rugby2010.up.pt","www.salivaryglandconference.med.up.pt","www.sas.up.pt","www.sasup.up.pt","www.saudedepe.up.pt","www.scicom.up.pt","www.sdd.up.pt","www.servicos.inegi.up.pt","www.sicr2015.ineb.up.pt","www.si.med.up.pt","www.spie.up.pt","www.sp.up.pt","www.startupbuzz.up.pt","www.suim.ineb.up.pt","www.summerschool2015.ineb.up.pt","www.summerschool.i3s.up.pt","www.taloetool.up.pt","www.taloe.up.pt","www.tedx.up.pt","www.tic.up.pt","www.treccafrica.up.pt","www.tv.up.pt","www.udream.up.pt","www.uncardio.med.up.pt","www.unic.med.up.pt","www.universidadejunior.up.pt","www.upin.up.pt","www.uporto2020.up.pt","www.up.pt","www.upsoft.up.pt","www.uptec.up.pt","www.vcintegrator.gim.med.up.pt","www.videosibergrid.up.pt","www.vimu.med.up.pt","www.voluntariadofmup.med.up.pt","www.voluntariado.up.pt","www.wikimuno.med.up.pt","www.xvcongressoahc2017.up.pt","xata.fe.up.pt","xen.egp.up.pt","xmldb-dev.up.pt","xoa.fc.up.pt","xserve1.fe.up.pt","xserve2.fe.up.pt","xstf.dcc.fc.up.pt","xvcongressoahc2017.up.pt","yeti.up.pt","young.fe.up.pt","youth.fpce.up.pt","yum.sp.up.pt","zen.up.pt","zeus.astro.up.pt","zimbra.arq.up.pt"]}